-- phpMyAdmin SQL Dump
-- version 4.9.0.1
-- https://www.phpmyadmin.net/
--
-- Hôte : 127.0.0.1
-- Généré le :  jeu. 04 fév. 2021 à 12:09
-- Version du serveur :  10.3.16-MariaDB
-- Version de PHP :  7.3.6

SET SQL_MODE = "NO_AUTO_VALUE_ON_ZERO";
SET AUTOCOMMIT = 0;
START TRANSACTION;
SET time_zone = "+00:00";


/*!40101 SET @OLD_CHARACTER_SET_CLIENT=@@CHARACTER_SET_CLIENT */;
/*!40101 SET @OLD_CHARACTER_SET_RESULTS=@@CHARACTER_SET_RESULTS */;
/*!40101 SET @OLD_COLLATION_CONNECTION=@@COLLATION_CONNECTION */;
/*!40101 SET NAMES utf8mb4 */;

--
-- Base de données :  `blog_php`
--

-- --------------------------------------------------------

--
-- Structure de la table `cv_chapters`
--

CREATE TABLE `cv_chapters` (
  `id` int(11) NOT NULL,
  `title` varchar(100) NOT NULL,
  `content` text NOT NULL,
  `date` datetime NOT NULL,
  `chapi` text NOT NULL,
  `zerolink` text NOT NULL,
  `refreshdate` datetime DEFAULT NULL,
  `author` text NOT NULL,
  `userid` int(11) NOT NULL
) ENGINE=InnoDB DEFAULT CHARSET=utf8;

--
-- Déchargement des données de la table `cv_chapters`
--

INSERT INTO `cv_chapters` (`id`, `title`, `content`, `date`, `chapi`, `zerolink`, `refreshdate`, `author`, `userid`) VALUES
(154, 'Lorem ipsum 1', 'Lorem ipsum dolor sit amet, consectetur adipiscing elit. Duis vehicula eros a imperdiet imperdiet. Pellentesque egestas varius imperdiet. Phasellus sed laoreet dui, id ultricies purus. Cras id scelerisque ipsum. Vivamus suscipit dignissim accumsan. Donec arcu nulla, iaculis ut sodales nec, convallis id urna. Phasellus maximus dignissim enim, quis molestie tortor vestibulum sit amet. Pellentesque habitant morbi tristique senectus et netus et malesuada fames ac turpis egestas. Maecenas sed leo leo. Suspendisse imperdiet dapibus arcu, ac bibendum turpis consectetur sit amet.<br /><br />Vivamus et orci sodales, venenatis augue quis, consectetur massa. Quisque sit amet neque id lacus ultricies pulvinar ut bibendum urna. Suspendisse vitae erat et dolor pellentesque maximus. Fusce ac lectus at tellus lobortis iaculis et a nisl. Sed placerat nunc sapien, sit amet scelerisque tellus pharetra id. Morbi nec eros est. In sem nibh, hendrerit sed lectus eget, aliquet vulputate eros. Ut fermentum, ex quis vehicula mattis, dui orci placerat sem, ac egestas neque nunc id neque. Integer vulputate neque et erat tincidunt pulvinar.<br /><br />Pellentesque habitant morbi tristique senectus et netus et malesuada fames ac turpis egestas. Aliquam a turpis sed tortor pellentesque lacinia sollicitudin at magna. Vivamus elementum sollicitudin metus ut rutrum. Ut ut mauris ac nulla aliquet luctus ut eget dui. Sed dignissim faucibus nulla eu tincidunt. Nunc hendrerit velit mauris, quis interdum risus semper ut. Quisque dignissim, lorem et eleifend cursus, erat ipsum iaculis libero, nec tincidunt nibh sapien vitae lectus. Suspendisse porttitor auctor enim pharetra tempus. Ut dignissim nisi eu rhoncus dapibus. Curabitur tempus eros sit amet lectus scelerisque pretium. Donec in lorem vitae mi pretium fringilla in non massa. Praesent sed laoreet nisl, vel tempus nisl. Aliquam euismod posuere quam vel mattis. Sed ultricies hendrerit facilisis. Sed vel nulla elementum, rhoncus purus ornare, mattis libero.<br /><br />Sed et lobortis dolor. Quisque ut nulla risus. Nulla auctor magna at tincidunt rhoncus. Pellentesque viverra mi ut mi gravida, lacinia volutpat elit mattis. Pellentesque habitant morbi tristique senectus et netus et malesuada fames ac turpis egestas. Nulla viverra consectetur mi sit amet sagittis. Nunc in diam eros. Pellentesque accumsan nunc at accumsan bibendum. Suspendisse nec ultricies ex, non laoreet velit.<br /><br />Nullam maximus egestas ante id faucibus. Nulla nibh erat, aliquet eu feugiat et, condimentum in lectus. Pellentesque habitant morbi tristique senectus et netus et malesuada fames ac turpis egestas. Duis euismod leo ac velit hendrerit egestas. Duis vitae lorem ullamcorper, lacinia elit porta, venenatis mi. Etiam bibendum, urna at consequat sodales, augue lorem tempor augue, ultrices venenatis quam dolor quis nibh. Curabitur ac massa id nisl tempus vestibulum a at nisi. Integer id imperdiet quam. Morbi eget nunc lobortis, dignissim sapien at, accumsan arcu. Nulla lobortis lacinia convallis. Praesent semper sapien vel sagittis dignissim.<br /><br />Etiam augue urna, cursus ut mauris ut, semper condimentum urna. Morbi porttitor dolor non quam dictum mollis. Sed ac velit a felis bibendum sagittis. Class aptent taciti sociosqu ad litora torquent per conubia nostra, per inceptos himenaeos. Sed id vestibulum urna, quis volutpat felis. Mauris consequat iaculis blandit. Maecenas tempor, libero vel pharetra tempus, ipsum diam maximus elit, nec rhoncus nisl ligula vitae massa. Fusce ornare turpis felis, vel malesuada lectus rhoncus lobortis. Phasellus eget arcu nisl.<br /><br />Fusce turpis augue, iaculis eget ex a, fermentum fermentum nibh. Donec hendrerit nunc vel felis ultricies ultrices. Aenean venenatis, ante in semper efficitur, lacus mi pulvinar dui, finibus eleifend turpis orci sed neque. Vivamus et est a lorem efficitur eleifend vitae eget arcu. Donec lobortis augue nec ipsum efficitur, ut consectetur ante bibendum. Nam ut augue at nunc condimentum tempus eget scelerisque felis. Maecenas metus quam, molestie quis suscipit a, tincidunt sit amet dolor. Integer porta lobortis sem, vitae pellentesque ante congue venenatis. Proin aliquet sem nec ipsum eleifend, at iaculis risus accumsan.', '2021-01-21 19:13:07', 'Lorem ipsum sed ut perspiciatis unde omnis iste natus error sit voluptatem accusantium doloremque laudantium, totam rem aperiam, eaque ipsa quae ab illo inventore veritatis et quasi architecto beatae vitae dicta sunt explicabo nemo enim ipsam voluptatem quia voluptas sit aspernatur.', 'https://1.bp.blogspot.com/-mfuxNbJB5GY/Xdmtgd51v-I/AAAAAAAAA_o/oBeqOU05CXwqT3X79qfHjANpVmUzYKxSQCLcBGAsYHQ/s1600/qsdfghjklm.JPG', '2021-01-27 01:27:38', 'Gogo', 1),
(155, 'Lorem ipsum 2', 'Lorem ipsum dolor sit amet, consectetur adipiscing elit. Duis vehicula eros a imperdiet imperdiet. Pellentesque egestas varius imperdiet. Phasellus sed laoreet dui, id ultricies purus. Cras id scelerisque ipsum. Vivamus suscipit dignissim accumsan. Donec arcu nulla, iaculis ut sodales nec, convallis id urna. Phasellus maximus dignissim enim, quis molestie tortor vestibulum sit amet. Pellentesque habitant morbi tristique senectus et netus et malesuada fames ac turpis egestas. Maecenas sed leo leo. Suspendisse imperdiet dapibus arcu, ac bibendum turpis consectetur sit amet.<br /><br />Vivamus et orci sodales, venenatis augue quis, consectetur massa. Quisque sit amet neque id lacus ultricies pulvinar ut bibendum urna. Suspendisse vitae erat et dolor pellentesque maximus. Fusce ac lectus at tellus lobortis iaculis et a nisl. Sed placerat nunc sapien, sit amet scelerisque tellus pharetra id. Morbi nec eros est. In sem nibh, hendrerit sed lectus eget, aliquet vulputate eros. Ut fermentum, ex quis vehicula mattis, dui orci placerat sem, ac egestas neque nunc id neque. Integer vulputate neque et erat tincidunt pulvinar.<br /><br />Pellentesque habitant morbi tristique senectus et netus et malesuada fames ac turpis egestas. Aliquam a turpis sed tortor pellentesque lacinia sollicitudin at magna. Vivamus elementum sollicitudin metus ut rutrum. Ut ut mauris ac nulla aliquet luctus ut eget dui. Sed dignissim faucibus nulla eu tincidunt. Nunc hendrerit velit mauris, quis interdum risus semper ut. Quisque dignissim, lorem et eleifend cursus, erat ipsum iaculis libero, nec tincidunt nibh sapien vitae lectus. Suspendisse porttitor auctor enim pharetra tempus. Ut dignissim nisi eu rhoncus dapibus. Curabitur tempus eros sit amet lectus scelerisque pretium. Donec in lorem vitae mi pretium fringilla in non massa. Praesent sed laoreet nisl, vel tempus nisl. Aliquam euismod posuere quam vel mattis. Sed ultricies hendrerit facilisis. Sed vel nulla elementum, rhoncus purus ornare, mattis libero.<br /><br />Sed et lobortis dolor. Quisque ut nulla risus. Nulla auctor magna at tincidunt rhoncus. Pellentesque viverra mi ut mi gravida, lacinia volutpat elit mattis. Pellentesque habitant morbi tristique senectus et netus et malesuada fames ac turpis egestas. Nulla viverra consectetur mi sit amet sagittis. Nunc in diam eros. Pellentesque accumsan nunc at accumsan bibendum. Suspendisse nec ultricies ex, non laoreet velit.<br /><br />Nullam maximus egestas ante id faucibus. Nulla nibh erat, aliquet eu feugiat et, condimentum in lectus. Pellentesque habitant morbi tristique senectus et netus et malesuada fames ac turpis egestas. Duis euismod leo ac velit hendrerit egestas. Duis vitae lorem ullamcorper, lacinia elit porta, venenatis mi. Etiam bibendum, urna at consequat sodales, augue lorem tempor augue, ultrices venenatis quam dolor quis nibh. Curabitur ac massa id nisl tempus vestibulum a at nisi. Integer id imperdiet quam. Morbi eget nunc lobortis, dignissim sapien at, accumsan arcu. Nulla lobortis lacinia convallis. Praesent semper sapien vel sagittis dignissim.<br /><br />Etiam augue urna, cursus ut mauris ut, semper condimentum urna. Morbi porttitor dolor non quam dictum mollis. Sed ac velit a felis bibendum sagittis. Class aptent taciti sociosqu ad litora torquent per conubia nostra, per inceptos himenaeos. Sed id vestibulum urna, quis volutpat felis. Mauris consequat iaculis blandit. Maecenas tempor, libero vel pharetra tempus, ipsum diam maximus elit, nec rhoncus nisl ligula vitae massa. Fusce ornare turpis felis, vel malesuada lectus rhoncus lobortis. Phasellus eget arcu nisl.<br /><br />Fusce turpis augue, iaculis eget ex a, fermentum fermentum nibh. Donec hendrerit nunc vel felis ultricies ultrices. Aenean venenatis, ante in semper efficitur, lacus mi pulvinar dui, finibus eleifend turpis orci sed neque. Vivamus et est a lorem efficitur eleifend vitae eget arcu. Donec lobortis augue nec ipsum efficitur, ut consectetur ante bibendum. Nam ut augue at nunc condimentum tempus eget scelerisque felis. Maecenas metus quam, molestie quis suscipit a, tincidunt sit amet dolor. Integer porta lobortis sem, vitae pellentesque ante congue venenatis. Proin aliquet sem nec ipsum eleifend, at iaculis risus accumsan.', '2021-01-21 19:16:42', 'Lorem ipsum sed ut perspiciatis unde omnis iste natus error sit voluptatem accusantium doloremque laudantium, totam rem aperiam, eaque ipsa quae ab illo inventore veritatis et quasi architecto beatae vitae dicta sunt explicabo nemo enim ipsam voluptatem quia voluptas sit aspernatur.', 'https://4.bp.blogspot.com/-GNEXT7gb_Us/XcSd9iNbNVI/AAAAAAAAA9E/jIHstyJCeNkclCT96U4vgwJKqOyi7a08gCLcBGAsYHQ/s1600/EClark_160818_9541.jpg', '2021-01-27 01:27:29', 'Gogo', 1),
(156, 'Lorem ipsum 3', 'Lorem ipsum dolor sit amet, consectetur adipiscing elit. Duis vehicula eros a imperdiet imperdiet. Pellentesque egestas varius imperdiet. Phasellus sed laoreet dui, id ultricies purus. Cras id scelerisque ipsum. Vivamus suscipit dignissim accumsan. Donec arcu nulla, iaculis ut sodales nec, convallis id urna. Phasellus maximus dignissim enim, quis molestie tortor vestibulum sit amet. Pellentesque habitant morbi tristique senectus et netus et malesuada fames ac turpis egestas. Maecenas sed leo leo. Suspendisse imperdiet dapibus arcu, ac bibendum turpis consectetur sit amet.<br /><br />Vivamus et orci sodales, venenatis augue quis, consectetur massa. Quisque sit amet neque id lacus ultricies pulvinar ut bibendum urna. Suspendisse vitae erat et dolor pellentesque maximus. Fusce ac lectus at tellus lobortis iaculis et a nisl. Sed placerat nunc sapien, sit amet scelerisque tellus pharetra id. Morbi nec eros est. In sem nibh, hendrerit sed lectus eget, aliquet vulputate eros. Ut fermentum, ex quis vehicula mattis, dui orci placerat sem, ac egestas neque nunc id neque. Integer vulputate neque et erat tincidunt pulvinar.<br /><br />Pellentesque habitant morbi tristique senectus et netus et malesuada fames ac turpis egestas. Aliquam a turpis sed tortor pellentesque lacinia sollicitudin at magna. Vivamus elementum sollicitudin metus ut rutrum. Ut ut mauris ac nulla aliquet luctus ut eget dui. Sed dignissim faucibus nulla eu tincidunt. Nunc hendrerit velit mauris, quis interdum risus semper ut. Quisque dignissim, lorem et eleifend cursus, erat ipsum iaculis libero, nec tincidunt nibh sapien vitae lectus. Suspendisse porttitor auctor enim pharetra tempus. Ut dignissim nisi eu rhoncus dapibus. Curabitur tempus eros sit amet lectus scelerisque pretium. Donec in lorem vitae mi pretium fringilla in non massa. Praesent sed laoreet nisl, vel tempus nisl. Aliquam euismod posuere quam vel mattis. Sed ultricies hendrerit facilisis. Sed vel nulla elementum, rhoncus purus ornare, mattis libero.<br /><br />Sed et lobortis dolor. Quisque ut nulla risus. Nulla auctor magna at tincidunt rhoncus. Pellentesque viverra mi ut mi gravida, lacinia volutpat elit mattis. Pellentesque habitant morbi tristique senectus et netus et malesuada fames ac turpis egestas. Nulla viverra consectetur mi sit amet sagittis. Nunc in diam eros. Pellentesque accumsan nunc at accumsan bibendum. Suspendisse nec ultricies ex, non laoreet velit.<br /><br />Nullam maximus egestas ante id faucibus. Nulla nibh erat, aliquet eu feugiat et, condimentum in lectus. Pellentesque habitant morbi tristique senectus et netus et malesuada fames ac turpis egestas. Duis euismod leo ac velit hendrerit egestas. Duis vitae lorem ullamcorper, lacinia elit porta, venenatis mi. Etiam bibendum, urna at consequat sodales, augue lorem tempor augue, ultrices venenatis quam dolor quis nibh. Curabitur ac massa id nisl tempus vestibulum a at nisi. Integer id imperdiet quam. Morbi eget nunc lobortis, dignissim sapien at, accumsan arcu. Nulla lobortis lacinia convallis. Praesent semper sapien vel sagittis dignissim.<br /><br />Etiam augue urna, cursus ut mauris ut, semper condimentum urna. Morbi porttitor dolor non quam dictum mollis. Sed ac velit a felis bibendum sagittis. Class aptent taciti sociosqu ad litora torquent per conubia nostra, per inceptos himenaeos. Sed id vestibulum urna, quis volutpat felis. Mauris consequat iaculis blandit. Maecenas tempor, libero vel pharetra tempus, ipsum diam maximus elit, nec rhoncus nisl ligula vitae massa. Fusce ornare turpis felis, vel malesuada lectus rhoncus lobortis. Phasellus eget arcu nisl.<br /><br />Fusce turpis augue, iaculis eget ex a, fermentum fermentum nibh. Donec hendrerit nunc vel felis ultricies ultrices. Aenean venenatis, ante in semper efficitur, lacus mi pulvinar dui, finibus eleifend turpis orci sed neque. Vivamus et est a lorem efficitur eleifend vitae eget arcu. Donec lobortis augue nec ipsum efficitur, ut consectetur ante bibendum. Nam ut augue at nunc condimentum tempus eget scelerisque felis. Maecenas metus quam, molestie quis suscipit a, tincidunt sit amet dolor. Integer porta lobortis sem, vitae pellentesque ante congue venenatis. Proin aliquet sem nec ipsum eleifend, at iaculis risus accumsan.', '2021-01-21 19:18:20', 'Lorem ipsum sed ut perspiciatis unde omnis iste natus error sit voluptatem accusantium doloremque laudantium, totam rem aperiam, eaque ipsa quae ab illo inventore veritatis et quasi architecto beatae vitae dicta sunt explicabo nemo enim ipsam voluptatem quia voluptas sit aspernatur.', 'https://2.bp.blogspot.com/-_FBaIo4JFyw/XcSeG3hv_UI/AAAAAAAAA9k/xz2eR-a9mW8PKdXIJ4P6ErvPPw6LtLoJwCLcBGAsYHQ/s1600/Cote%2BEst%2BNoum%25C3%25A9a.png', '2021-01-27 01:27:12', 'Hector', 3),
(157, 'Lorem ipsum 4', 'Lorem ipsum dolor sit amet, consectetur adipiscing elit. Duis vehicula eros a imperdiet imperdiet. Pellentesque egestas varius imperdiet. Phasellus sed laoreet dui, id ultricies purus. Cras id scelerisque ipsum. Vivamus suscipit dignissim accumsan. Donec arcu nulla, iaculis ut sodales nec, convallis id urna. Phasellus maximus dignissim enim, quis molestie tortor vestibulum sit amet. Pellentesque habitant morbi tristique senectus et netus et malesuada fames ac turpis egestas. Maecenas sed leo leo. Suspendisse imperdiet dapibus arcu, ac bibendum turpis consectetur sit amet.<br /><br />Vivamus et orci sodales, venenatis augue quis, consectetur massa. Quisque sit amet neque id lacus ultricies pulvinar ut bibendum urna. Suspendisse vitae erat et dolor pellentesque maximus. Fusce ac lectus at tellus lobortis iaculis et a nisl. Sed placerat nunc sapien, sit amet scelerisque tellus pharetra id. Morbi nec eros est. In sem nibh, hendrerit sed lectus eget, aliquet vulputate eros. Ut fermentum, ex quis vehicula mattis, dui orci placerat sem, ac egestas neque nunc id neque. Integer vulputate neque et erat tincidunt pulvinar.<br /><br />Pellentesque habitant morbi tristique senectus et netus et malesuada fames ac turpis egestas. Aliquam a turpis sed tortor pellentesque lacinia sollicitudin at magna. Vivamus elementum sollicitudin metus ut rutrum. Ut ut mauris ac nulla aliquet luctus ut eget dui. Sed dignissim faucibus nulla eu tincidunt. Nunc hendrerit velit mauris, quis interdum risus semper ut. Quisque dignissim, lorem et eleifend cursus, erat ipsum iaculis libero, nec tincidunt nibh sapien vitae lectus. Suspendisse porttitor auctor enim pharetra tempus. Ut dignissim nisi eu rhoncus dapibus. Curabitur tempus eros sit amet lectus scelerisque pretium. Donec in lorem vitae mi pretium fringilla in non massa. Praesent sed laoreet nisl, vel tempus nisl. Aliquam euismod posuere quam vel mattis. Sed ultricies hendrerit facilisis. Sed vel nulla elementum, rhoncus purus ornare, mattis libero.<br /><br />Sed et lobortis dolor. Quisque ut nulla risus. Nulla auctor magna at tincidunt rhoncus. Pellentesque viverra mi ut mi gravida, lacinia volutpat elit mattis. Pellentesque habitant morbi tristique senectus et netus et malesuada fames ac turpis egestas. Nulla viverra consectetur mi sit amet sagittis. Nunc in diam eros. Pellentesque accumsan nunc at accumsan bibendum. Suspendisse nec ultricies ex, non laoreet velit.<br /><br />Nullam maximus egestas ante id faucibus. Nulla nibh erat, aliquet eu feugiat et, condimentum in lectus. Pellentesque habitant morbi tristique senectus et netus et malesuada fames ac turpis egestas. Duis euismod leo ac velit hendrerit egestas. Duis vitae lorem ullamcorper, lacinia elit porta, venenatis mi. Etiam bibendum, urna at consequat sodales, augue lorem tempor augue, ultrices venenatis quam dolor quis nibh. Curabitur ac massa id nisl tempus vestibulum a at nisi. Integer id imperdiet quam. Morbi eget nunc lobortis, dignissim sapien at, accumsan arcu. Nulla lobortis lacinia convallis. Praesent semper sapien vel sagittis dignissim.<br /><br />Etiam augue urna, cursus ut mauris ut, semper condimentum urna. Morbi porttitor dolor non quam dictum mollis. Sed ac velit a felis bibendum sagittis. Class aptent taciti sociosqu ad litora torquent per conubia nostra, per inceptos himenaeos. Sed id vestibulum urna, quis volutpat felis. Mauris consequat iaculis blandit. Maecenas tempor, libero vel pharetra tempus, ipsum diam maximus elit, nec rhoncus nisl ligula vitae massa. Fusce ornare turpis felis, vel malesuada lectus rhoncus lobortis. Phasellus eget arcu nisl.<br /><br />Fusce turpis augue, iaculis eget ex a, fermentum fermentum nibh. Donec hendrerit nunc vel felis ultricies ultrices. Aenean venenatis, ante in semper efficitur, lacus mi pulvinar dui, finibus eleifend turpis orci sed neque. Vivamus et est a lorem efficitur eleifend vitae eget arcu. Donec lobortis augue nec ipsum efficitur, ut consectetur ante bibendum. Nam ut augue at nunc condimentum tempus eget scelerisque felis. Maecenas metus quam, molestie quis suscipit a, tincidunt sit amet dolor. Integer porta lobortis sem, vitae pellentesque ante congue venenatis. Proin aliquet sem nec ipsum eleifend, at iaculis risus accumsan.', '2021-01-21 19:19:25', 'Lorem ipsum sed ut perspiciatis unde omnis iste natus error sit voluptatem accusantium doloremque laudantium, totam rem aperiam, eaque ipsa quae ab illo inventore veritatis et quasi architecto beatae vitae dicta sunt explicabo nemo enim ipsam voluptatem quia voluptas sit aspernatur.', 'https://2.bp.blogspot.com/-do23LaCun1k/XcSeFeoL_iI/AAAAAAAAA9Y/aMCEFUP0t7sQbhcpifBouIl0-d_OlqOJQCLcBGAsYHQ/s1600/aiaa-mountain-classification-1200x800.jpg', '2021-01-28 19:40:01', 'Anonyme', 3),
(158, 'Lorem ipsum 5', 'Lorem ipsum dolor sit amet, consectetur adipiscing elit. Duis vehicula eros a imperdiet imperdiet. Pellentesque egestas varius imperdiet. Phasellus sed laoreet dui, id ultricies purus. Cras id scelerisque ipsum. Vivamus suscipit dignissim accumsan. Donec arcu nulla, iaculis ut sodales nec, convallis id urna. <strong>Phasellus</strong> maximus dignissim enim, <em>quis</em> <span style=\"text-decoration: underline;\">molestie</span> <span style=\"color: #3598db;\">tortor</span> <span style=\"color: #2dc26b;\">vestibulum</span> <span style=\"color: #b96ad9;\">sit</span> <span style=\"color: #e67e23;\">amet</span>. Pellentesque habitant morbi tristique senectus et netus et malesuada fames ac turpis egestas. Maecenas sed leo leo. Suspendisse imperdiet dapibus arcu, ac bibendum turpis consectetur sit amet.<br /><br /><img style=\"display: block; margin-left: auto; margin-right: auto;\" src=\"https://1.bp.blogspot.com/-lR39s95U_1o/XdmtY_18TBI/AAAAAAAAA_I/8e8C72nLsTsmyAzj96s3EwIhBQTjwIk0wCLcBGAsYHQ/s1600/2019-01-14-08-28-05-1200x800.jpg\" alt=\"Description\" width=\"250\" height=\"167\" /><br /><br />Vivamus et orci sodales, venenatis augue quis, consectetur massa. Quisque sit amet neque id lacus ultricies pulvinar ut bibendum urna. <span style=\"color: #3598db;\">Suspendisse</span> <span style=\"color: #f1c40f;\">vitae</span> <span style=\"color: #b96ad9;\">erat et</span> <span style=\"color: #e67e23;\">dolor</span> <span style=\"color: #ba372a;\">pellentesque</span> <span style=\"color: #2dc26b;\">maximus</span>. Fusce ac lectus at tellus lobortis iaculis et a nisl. Sed placerat nunc sapien, sit amet scelerisque tellus pharetra id. Morbi nec eros est. In sem nibh, hendrerit sed lectus eget, aliquet vulputate eros. Ut fermentum, ex quis vehicula mattis, dui orci placerat sem, ac egestas neque nunc id neque. Integer vulputate neque et erat tincidunt pulvinar.<br /><br />Pellentesque habitant morbi tristique senectus et netus et malesuada fames ac turpis egestas. Aliquam a turpis sed tortor pellentesque lacinia sollicitudin at magna. Vivamus elementum sollicitudin metus ut rutrum. Ut ut mauris ac nulla aliquet luctus ut eget dui. Sed dignissim faucibus nulla eu tincidunt. Nunc hendrerit velit mauris, quis interdum risus semper ut. Quisque dignissim, lorem et eleifend cursus, erat ipsum iaculis libero, nec tincidunt nibh sapien vitae lectus. Suspendisse porttitor auctor enim pharetra tempus. Ut dignissim nisi eu rhoncus dapibus. Curabitur tempus eros sit amet lectus scelerisque pretium. Donec in lorem vitae mi pretium fringilla in non massa. Praesent sed laoreet nisl, vel tempus nisl. Aliquam euismod posuere quam vel mattis. Sed ultricies hendrerit facilisis. Sed vel nulla elementum, rhoncus purus ornare, mattis libero.<br /><br />Sed et lobortis dolor. Quisque ut nulla risus. Nulla auctor magna at tincidunt rhoncus. Pellentesque viverra mi ut mi gravida, lacinia volutpat elit mattis. Pellentesque habitant morbi tristique senectus et netus et malesuada fames ac turpis egestas. Nulla viverra consectetur mi sit amet sagittis. Nunc in diam eros. Pellentesque accumsan nunc at accumsan bibendum. Suspendisse nec ultricies ex, non laoreet velit.<br /><br />Nullam maximus egestas ante id faucibus. Nulla nibh erat, aliquet eu feugiat et, condimentum in lectus. Pellentesque habitant morbi tristique senectus et netus et malesuada fames ac turpis egestas. Duis euismod leo ac velit hendrerit egestas. Duis vitae lorem ullamcorper, lacinia elit porta, venenatis mi. Etiam bibendum, urna at consequat sodales, augue lorem tempor augue, ultrices venenatis quam dolor quis nibh. Curabitur ac massa id nisl tempus vestibulum a at nisi. Integer id imperdiet quam. Morbi eget nunc lobortis, dignissim sapien at, accumsan arcu. Nulla lobortis lacinia convallis. Praesent semper sapien vel sagittis dignissim.<br /><br />Etiam augue urna, cursus ut mauris ut, semper condimentum urna. Morbi porttitor dolor non quam dictum mollis. Sed ac velit a felis bibendum sagittis. Class aptent taciti sociosqu ad litora torquent per conubia nostra, per inceptos himenaeos. Sed id vestibulum urna, quis volutpat felis. Mauris consequat iaculis blandit. Maecenas tempor, libero vel pharetra tempus, ipsum diam maximus elit, nec rhoncus nisl ligula vitae massa. Fusce ornare turpis felis, vel malesuada lectus rhoncus lobortis. Phasellus eget arcu nisl.<br /><br />Fusce turpis augue, iaculis eget ex a, fermentum fermentum nibh. Donec hendrerit nunc vel felis ultricies ultrices. Aenean venenatis, ante in semper efficitur, lacus mi pulvinar dui, finibus eleifend turpis orci sed neque. Vivamus et est a lorem efficitur eleifend vitae eget arcu. Donec lobortis augue nec ipsum efficitur, ut consectetur ante bibendum. Nam ut augue at nunc condimentum tempus eget scelerisque felis. Maecenas metus quam, molestie quis suscipit a, tincidunt sit amet dolor. Integer porta lobortis sem, vitae pellentesque ante congue venenatis. Proin aliquet sem nec ipsum eleifend, at iaculis risus accumsan.<br /><br />Suspendisse ut sapien gravida, pellentesque nibh vel, imperdiet dolor. Maecenas ac sagittis sem. Phasellus ligula turpis, pulvinar ac luctus pellentesque, pulvinar vel neque. Morbi scelerisque consequat sapien, nec sollicitudin ex dignissim sit amet. Maecenas ac tempor neque, quis sagittis sapien. Suspendisse neque nunc, maximus finibus est quis, scelerisque volutpat neque. Nam condimentum quam eget ligula iaculis volutpat. Donec efficitur tincidunt orci eget placerat. In vel risus quis felis aliquam finibus quis ut dolor. Praesent accumsan placerat iaculis. Sed erat sapien, dapibus a orci non, laoreet tincidunt tellus. Aenean commodo est ac maximus tincidunt. Sed dui nisl, dictum vitae ex eget, iaculis sodales ipsum. Maecenas vel maximus augue, non euismod massa. Morbi venenatis eu libero ut ultricies.<br /><br />Vestibulum ante ipsum primis in faucibus orci luctus et ultrices posuere cubilia curae; Aliquam sollicitudin pellentesque libero, non interdum arcu tincidunt sit amet. Orci varius natoque penatibus et magnis dis parturient montes, nascetur ridiculus mus. Morbi nec sem bibendum, pharetra nisl sed, dignissim turpis. Nulla porta eu erat ac efficitur. Phasellus vitae nulla metus. Aliquam erat volutpat. Vivamus et lobortis felis, at eleifend urna. Praesent malesuada luctus dolor, non consectetur nisi tincidunt nec. Nam a mauris ligula. Interdum et malesuada fames ac ante ipsum primis in faucibus.<br /><br />Aliquam enim justo, condimentum dictum aliquam eget, faucibus vitae purus. Sed viverra enim eget velit tincidunt venenatis. Sed libero nisi, mattis sed eleifend in, ultricies a ligula. Aliquam a lobortis orci. Mauris accumsan nunc quis turpis laoreet, vitae suscipit nulla faucibus. Etiam efficitur lorem pellentesque turpis consequat ultrices. In in ante varius, dapibus magna eu, sollicitudin justo. Aliquam ut erat tempus, imperdiet enim eget, eleifend leo. Ut nec pharetra orci, a faucibus diam. Sed a tristique metus. Nunc sed nibh ac eros aliquet tincidunt. Vivamus ac lacinia massa. Integer ac mi vel sem pharetra lobortis. Phasellus tincidunt dapibus dui, at mollis sem elementum eget. Morbi viverra dui ac faucibus placerat. Phasellus dignissim, lacus sit amet imperdiet accumsan, nulla lectus porttitor mauris, vestibulum iaculis ex leo vitae felis.<br /><br />Lorem ipsum dolor sit amet, consectetur adipiscing elit. Duis vehicula eros a imperdiet imperdiet. Pellentesque egestas varius imperdiet. Phasellus sed laoreet dui, id ultricies purus. Cras id scelerisque ipsum. Vivamus suscipit dignissim accumsan. Donec arcu nulla, iaculis ut sodales nec, convallis id urna. Phasellus maximus dignissim enim, quis molestie tortor vestibulum sit amet. Pellentesque habitant morbi tristique senectus et netus et malesuada fames ac turpis egestas. Maecenas sed leo leo. Suspendisse imperdiet dapibus arcu, ac bibendum turpis consectetur sit amet.<br /><br />Vivamus et orci sodales, venenatis augue quis, consectetur massa. Quisque sit amet neque id lacus ultricies pulvinar ut bibendum urna. Suspendisse vitae erat et dolor pellentesque maximus. Fusce ac lectus at tellus lobortis iaculis et a nisl. Sed placerat nunc sapien, sit amet scelerisque tellus pharetra id. Morbi nec eros est. In sem nibh, hendrerit sed lectus eget, aliquet vulputate eros. Ut fermentum, ex quis vehicula mattis, dui orci placerat sem, ac egestas neque nunc id neque. Integer vulputate neque et erat tincidunt pulvinar.', '2021-01-21 19:21:30', 'Lorem ipsum sed ut perspiciatis unde omnis iste natus error sit voluptatem accusantium doloremque laudantium, totam rem aperiam, eaque ipsa quae ab illo inventore veritatis et quasi architecto beatae vitae dicta sunt explicabo nemo enim ipsam voluptatem quia voluptas sit aspernatur.', 'https://1.bp.blogspot.com/-DDFNLBwUKrI/XdmtgMEDLHI/AAAAAAAAA_k/jPENe9b1WbAGsBYhLrN9_-MPUpqd3xBlQCLcBGAsYHQ/s1600/paysage-du-montana.jpg', '2021-01-27 01:26:21', 'Marie', 2),
(176, 'Lorem ipsum 6', 'Lorem ipsum dolor sit amet, consectetur adipiscing elit. Duis vehicula eros a imperdiet imperdiet. Pellentesque egestas varius imperdiet. Phasellus sed laoreet dui, id ultricies purus. Cras id scelerisque ipsum. Vivamus suscipit dignissim accumsan. Donec arcu nulla, iaculis ut sodales nec, convallis id urna. Phasellus maximus dignissim enim, quis molestie tortor vestibulum sit amet. Pellentesque habitant morbi tristique senectus et netus et malesuada fames ac turpis egestas. Maecenas sed leo leo. Suspendisse imperdiet dapibus arcu, ac bibendum turpis consectetur sit amet.<br /><br />Vivamus et orci sodales, venenatis augue quis, consectetur massa. Quisque sit amet neque id lacus ultricies pulvinar ut bibendum urna. Suspendisse vitae erat et dolor pellentesque maximus. Fusce ac lectus at tellus lobortis iaculis et a nisl. Sed placerat nunc sapien, sit amet scelerisque tellus pharetra id. Morbi nec eros est. In sem nibh, hendrerit sed lectus eget, aliquet vulputate eros. Ut fermentum, ex quis vehicula mattis, dui orci placerat sem, ac egestas neque nunc id neque. Integer vulputate neque et erat tincidunt pulvinar.<br /><br />Pellentesque habitant morbi tristique senectus et netus et malesuada fames ac turpis egestas. Aliquam a turpis sed tortor pellentesque lacinia sollicitudin at magna. Vivamus elementum sollicitudin metus ut rutrum. Ut ut mauris ac nulla aliquet luctus ut eget dui. Sed dignissim faucibus nulla eu tincidunt. Nunc hendrerit velit mauris, quis interdum risus semper ut. Quisque dignissim, lorem et eleifend cursus, erat ipsum iaculis libero, nec tincidunt nibh sapien vitae lectus. Suspendisse porttitor auctor enim pharetra tempus. Ut dignissim nisi eu rhoncus dapibus. Curabitur tempus eros sit amet lectus scelerisque pretium. Donec in lorem vitae mi pretium fringilla in non massa. Praesent sed laoreet nisl, vel tempus nisl. Aliquam euismod posuere quam vel mattis. Sed ultricies hendrerit facilisis. Sed vel nulla elementum, rhoncus purus ornare, mattis libero.<br /><br />Sed et lobortis dolor. Quisque ut nulla risus. Nulla auctor magna at tincidunt rhoncus. Pellentesque viverra mi ut mi gravida, lacinia volutpat elit mattis. Pellentesque habitant morbi tristique senectus et netus et malesuada fames ac turpis egestas. Nulla viverra consectetur mi sit amet sagittis. Nunc in diam eros. Pellentesque accumsan nunc at accumsan bibendum. Suspendisse nec ultricies ex, non laoreet velit.<br /><br />Nullam maximus egestas ante id faucibus. Nulla nibh erat, aliquet eu feugiat et, condimentum in lectus. Pellentesque habitant morbi tristique senectus et netus et malesuada fames ac turpis egestas. Duis euismod leo ac velit hendrerit egestas. Duis vitae lorem ullamcorper, lacinia elit porta, venenatis mi. Etiam bibendum, urna at consequat sodales, augue lorem tempor augue, ultrices venenatis quam dolor quis nibh. Curabitur ac massa id nisl tempus vestibulum a at nisi. Integer id imperdiet quam. Morbi eget nunc lobortis, dignissim sapien at, accumsan arcu. Nulla lobortis lacinia convallis. Praesent semper sapien vel sagittis dignissim.<br /><br />Etiam augue urna, cursus ut mauris ut, semper condimentum urna. Morbi porttitor dolor non quam dictum mollis. Sed ac velit a felis bibendum sagittis. Class aptent taciti sociosqu ad litora torquent per conubia nostra, per inceptos himenaeos. Sed id vestibulum urna, quis volutpat felis. Mauris consequat iaculis blandit. Maecenas tempor, libero vel pharetra tempus, ipsum diam maximus elit, nec rhoncus nisl ligula vitae massa. Fusce ornare turpis felis, vel malesuada lectus rhoncus lobortis. Phasellus eget arcu nisl.<br /><br />Fusce turpis augue, iaculis eget ex a, fermentum fermentum nibh. Donec hendrerit nunc vel felis ultricies ultrices. Aenean venenatis, ante in semper efficitur, lacus mi pulvinar dui, finibus eleifend turpis orci sed neque. Vivamus et est a lorem efficitur eleifend vitae eget arcu. Donec lobortis augue nec ipsum efficitur, ut consectetur ante bibendum. Nam ut augue at nunc condimentum tempus eget scelerisque felis. Maecenas metus quam, molestie quis suscipit a, tincidunt sit amet dolor. Integer porta lobortis sem, vitae pellentesque ante congue venenatis. Proin aliquet sem nec ipsum eleifend, at iaculis risus accumsan.', '2021-01-28 19:17:37', 'Lorem ipsum sed ut perspiciatis unde omnis iste natus error sit voluptatem accusantium doloremque laudantium, totam rem aperiam, eaque ipsa quae ab illo inventore veritatis et quasi architecto beatae vitae dicta sunt explicabo nemo enim ipsam voluptatem quia voluptas sit aspernatur.', 'https://1.bp.blogspot.com/-ufCWK4OuaI0/XdmtZdvtRxI/AAAAAAAAA_M/WoATWsNxSPED4pFCGBM-EX1dGk9F3r2JQCLcBGAsYHQ/s1600/VNMCT014_halong-bay-paysage-sepia-circuits-vietnam-tui.jpg', '2021-01-28 19:38:58', 'Gogo', 1),
(177, 'Lorem ipsum 7', 'Lorem ipsum dolor sit amet, consectetur adipiscing elit. Duis vehicula eros a imperdiet imperdiet. Pellentesque egestas varius imperdiet. Phasellus sed laoreet dui, id ultricies purus. Cras id scelerisque ipsum. Vivamus suscipit dignissim accumsan. Donec arcu nulla, iaculis ut sodales nec, convallis id urna. Phasellus maximus dignissim enim, quis molestie tortor vestibulum sit amet. Pellentesque habitant morbi tristique senectus et netus et malesuada fames ac turpis egestas. Maecenas sed leo leo. Suspendisse imperdiet dapibus arcu, ac bibendum turpis consectetur sit amet.<br /><br />Vivamus et orci sodales, venenatis augue quis, consectetur massa. Quisque sit amet neque id lacus ultricies pulvinar ut bibendum urna. Suspendisse vitae erat et dolor pellentesque maximus. Fusce ac lectus at tellus lobortis iaculis et a nisl. Sed placerat nunc sapien, sit amet scelerisque tellus pharetra id. Morbi nec eros est. In sem nibh, hendrerit sed lectus eget, aliquet vulputate eros. Ut fermentum, ex quis vehicula mattis, dui orci placerat sem, ac egestas neque nunc id neque. Integer vulputate neque et erat tincidunt pulvinar.<br /><br />Pellentesque habitant morbi tristique senectus et netus et malesuada fames ac turpis egestas. Aliquam a turpis sed tortor pellentesque lacinia sollicitudin at magna. Vivamus elementum sollicitudin metus ut rutrum. Ut ut mauris ac nulla aliquet luctus ut eget dui. Sed dignissim faucibus nulla eu tincidunt. Nunc hendrerit velit mauris, quis interdum risus semper ut. Quisque dignissim, lorem et eleifend cursus, erat ipsum iaculis libero, nec tincidunt nibh sapien vitae lectus. Suspendisse porttitor auctor enim pharetra tempus. Ut dignissim nisi eu rhoncus dapibus. Curabitur tempus eros sit amet lectus scelerisque pretium. Donec in lorem vitae mi pretium fringilla in non massa. Praesent sed laoreet nisl, vel tempus nisl. Aliquam euismod posuere quam vel mattis. Sed ultricies hendrerit facilisis. Sed vel nulla elementum, rhoncus purus ornare, mattis libero.<br /><br />Sed et lobortis dolor. Quisque ut nulla risus. Nulla auctor magna at tincidunt rhoncus. Pellentesque viverra mi ut mi gravida, lacinia volutpat elit mattis. Pellentesque habitant morbi tristique senectus et netus et malesuada fames ac turpis egestas. Nulla viverra consectetur mi sit amet sagittis. Nunc in diam eros. Pellentesque accumsan nunc at accumsan bibendum. Suspendisse nec ultricies ex, non laoreet velit.<br /><br />Nullam maximus egestas ante id faucibus. Nulla nibh erat, aliquet eu feugiat et, condimentum in lectus. Pellentesque habitant morbi tristique senectus et netus et malesuada fames ac turpis egestas. Duis euismod leo ac velit hendrerit egestas. Duis vitae lorem ullamcorper, lacinia elit porta, venenatis mi. Etiam bibendum, urna at consequat sodales, augue lorem tempor augue, ultrices venenatis quam dolor quis nibh. Curabitur ac massa id nisl tempus vestibulum a at nisi. Integer id imperdiet quam. Morbi eget nunc lobortis, dignissim sapien at, accumsan arcu. Nulla lobortis lacinia convallis. Praesent semper sapien vel sagittis dignissim.<br /><br />Etiam augue urna, cursus ut mauris ut, semper condimentum urna. Morbi porttitor dolor non quam dictum mollis. Sed ac velit a felis bibendum sagittis. Class aptent taciti sociosqu ad litora torquent per conubia nostra, per inceptos himenaeos. Sed id vestibulum urna, quis volutpat felis. Mauris consequat iaculis blandit. Maecenas tempor, libero vel pharetra tempus, ipsum diam maximus elit, nec rhoncus nisl ligula vitae massa. Fusce ornare turpis felis, vel malesuada lectus rhoncus lobortis. Phasellus eget arcu nisl.<br /><br />Fusce turpis augue, iaculis eget ex a, fermentum fermentum nibh. Donec hendrerit nunc vel felis ultricies ultrices. Aenean venenatis, ante in semper efficitur, lacus mi pulvinar dui, finibus eleifend turpis orci sed neque. Vivamus et est a lorem efficitur eleifend vitae eget arcu. Donec lobortis augue nec ipsum efficitur, ut consectetur ante bibendum. Nam ut augue at nunc condimentum tempus eget scelerisque felis. Maecenas metus quam, molestie quis suscipit a, tincidunt sit amet dolor. Integer porta lobortis sem, vitae pellentesque ante congue venenatis. Proin aliquet sem nec ipsum eleifend, at iaculis risus accumsan.', '2021-01-28 19:31:05', 'Lorem ipsum sed ut perspiciatis unde omnis iste natus error sit voluptatem accusantium doloremque laudantium, totam rem aperiam, eaque ipsa quae ab illo inventore veritatis et quasi architecto beatae vitae dicta sunt explicabo nemo enim ipsam voluptatem quia voluptas sit aspernatur.', 'https://1.bp.blogspot.com/-3JFCKUp9q_A/XdmtcIWeo2I/AAAAAAAAA_Y/_zl6DIyRKcU4_ETVN-pfns_MlqGQZ49wACLcBGAsYHQ/s1600/composition-photo-paysage-1200x800.jpg', NULL, 'gogo', 1),
(178, 'Lorem ipsum 8', 'Lorem ipsum dolor sit amet, consectetur adipiscing elit. Duis vehicula eros a imperdiet imperdiet. Pellentesque egestas varius imperdiet. Phasellus sed laoreet dui, id ultricies purus. Cras id scelerisque ipsum. Vivamus suscipit dignissim accumsan. Donec arcu nulla, iaculis ut sodales nec, convallis id urna. Phasellus maximus dignissim enim, quis molestie tortor vestibulum sit amet. Pellentesque habitant morbi tristique senectus et netus et malesuada fames ac turpis egestas. Maecenas sed leo leo. Suspendisse imperdiet dapibus arcu, ac bibendum turpis consectetur sit amet.<br /><br />Vivamus et orci sodales, venenatis augue quis, consectetur massa. Quisque sit amet neque id lacus ultricies pulvinar ut bibendum urna. Suspendisse vitae erat et dolor pellentesque maximus. Fusce ac lectus at tellus lobortis iaculis et a nisl. Sed placerat nunc sapien, sit amet scelerisque tellus pharetra id. Morbi nec eros est. In sem nibh, hendrerit sed lectus eget, aliquet vulputate eros. Ut fermentum, ex quis vehicula mattis, dui orci placerat sem, ac egestas neque nunc id neque. Integer vulputate neque et erat tincidunt pulvinar.<br /><br />Pellentesque habitant morbi tristique senectus et netus et malesuada fames ac turpis egestas. Aliquam a turpis sed tortor pellentesque lacinia sollicitudin at magna. Vivamus elementum sollicitudin metus ut rutrum. Ut ut mauris ac nulla aliquet luctus ut eget dui. Sed dignissim faucibus nulla eu tincidunt. Nunc hendrerit velit mauris, quis interdum risus semper ut. Quisque dignissim, lorem et eleifend cursus, erat ipsum iaculis libero, nec tincidunt nibh sapien vitae lectus. Suspendisse porttitor auctor enim pharetra tempus. Ut dignissim nisi eu rhoncus dapibus. Curabitur tempus eros sit amet lectus scelerisque pretium. Donec in lorem vitae mi pretium fringilla in non massa. Praesent sed laoreet nisl, vel tempus nisl. Aliquam euismod posuere quam vel mattis. Sed ultricies hendrerit facilisis. Sed vel nulla elementum, rhoncus purus ornare, mattis libero.<br /><br />Sed et lobortis dolor. Quisque ut nulla risus. Nulla auctor magna at tincidunt rhoncus. Pellentesque viverra mi ut mi gravida, lacinia volutpat elit mattis. Pellentesque habitant morbi tristique senectus et netus et malesuada fames ac turpis egestas. Nulla viverra consectetur mi sit amet sagittis. Nunc in diam eros. Pellentesque accumsan nunc at accumsan bibendum. Suspendisse nec ultricies ex, non laoreet velit.<br /><br />Nullam maximus egestas ante id faucibus. Nulla nibh erat, aliquet eu feugiat et, condimentum in lectus. Pellentesque habitant morbi tristique senectus et netus et malesuada fames ac turpis egestas. Duis euismod leo ac velit hendrerit egestas. Duis vitae lorem ullamcorper, lacinia elit porta, venenatis mi. Etiam bibendum, urna at consequat sodales, augue lorem tempor augue, ultrices venenatis quam dolor quis nibh. Curabitur ac massa id nisl tempus vestibulum a at nisi. Integer id imperdiet quam. Morbi eget nunc lobortis, dignissim sapien at, accumsan arcu. Nulla lobortis lacinia convallis. Praesent semper sapien vel sagittis dignissim.<br /><br />Etiam augue urna, cursus ut mauris ut, semper condimentum urna. Morbi porttitor dolor non quam dictum mollis. Sed ac velit a felis bibendum sagittis. Class aptent taciti sociosqu ad litora torquent per conubia nostra, per inceptos himenaeos. Sed id vestibulum urna, quis volutpat felis. Mauris consequat iaculis blandit. Maecenas tempor, libero vel pharetra tempus, ipsum diam maximus elit, nec rhoncus nisl ligula vitae massa. Fusce ornare turpis felis, vel malesuada lectus rhoncus lobortis. Phasellus eget arcu nisl.<br /><br />Fusce turpis augue, iaculis eget ex a, fermentum fermentum nibh. Donec hendrerit nunc vel felis ultricies ultrices. Aenean venenatis, ante in semper efficitur, lacus mi pulvinar dui, finibus eleifend turpis orci sed neque. Vivamus et est a lorem efficitur eleifend vitae eget arcu. Donec lobortis augue nec ipsum efficitur, ut consectetur ante bibendum. Nam ut augue at nunc condimentum tempus eget scelerisque felis. Maecenas metus quam, molestie quis suscipit a, tincidunt sit amet dolor. Integer porta lobortis sem, vitae pellentesque ante congue venenatis. Proin aliquet sem nec ipsum eleifend, at iaculis risus accumsan.', '2021-01-28 19:32:02', 'Lorem ipsum sed ut perspiciatis unde omnis iste natus error sit voluptatem accusantium doloremque laudantium, totam rem aperiam, eaque ipsa quae ab illo inventore veritatis et quasi architecto beatae vitae dicta sunt explicabo nemo enim ipsam voluptatem quia voluptas sit aspernatur.', 'https://1.bp.blogspot.com/-lHcjn3IGAOM/XdmtaBPX9oI/AAAAAAAAA_Q/gNkyPjmRMMcYt9FOD_2rrCmyYz6DcDkKQCLcBGAsYHQ/s1600/DSC_1448-nb-redim.jpg', NULL, 'gogo', 1),
(179, 'Lorem ipsum 9', 'Lorem ipsum dolor sit amet, consectetur adipiscing elit. Duis vehicula eros a imperdiet imperdiet. Pellentesque egestas varius imperdiet. Phasellus sed laoreet dui, id ultricies purus. Cras id scelerisque ipsum. Vivamus suscipit dignissim accumsan. Donec arcu nulla, iaculis ut sodales nec, convallis id urna. Phasellus maximus dignissim enim, quis molestie tortor vestibulum sit amet. Pellentesque habitant morbi tristique senectus et netus et malesuada fames ac turpis egestas. Maecenas sed leo leo. Suspendisse imperdiet dapibus arcu, ac bibendum turpis consectetur sit amet.<br /><br />Vivamus et orci sodales, venenatis augue quis, consectetur massa. Quisque sit amet neque id lacus ultricies pulvinar ut bibendum urna. Suspendisse vitae erat et dolor pellentesque maximus. Fusce ac lectus at tellus lobortis iaculis et a nisl. Sed placerat nunc sapien, sit amet scelerisque tellus pharetra id. Morbi nec eros est. In sem nibh, hendrerit sed lectus eget, aliquet vulputate eros. Ut fermentum, ex quis vehicula mattis, dui orci placerat sem, ac egestas neque nunc id neque. Integer vulputate neque et erat tincidunt pulvinar.<br /><br />Pellentesque habitant morbi tristique senectus et netus et malesuada fames ac turpis egestas. Aliquam a turpis sed tortor pellentesque lacinia sollicitudin at magna. Vivamus elementum sollicitudin metus ut rutrum. Ut ut mauris ac nulla aliquet luctus ut eget dui. Sed dignissim faucibus nulla eu tincidunt. Nunc hendrerit velit mauris, quis interdum risus semper ut. Quisque dignissim, lorem et eleifend cursus, erat ipsum iaculis libero, nec tincidunt nibh sapien vitae lectus. Suspendisse porttitor auctor enim pharetra tempus. Ut dignissim nisi eu rhoncus dapibus. Curabitur tempus eros sit amet lectus scelerisque pretium. Donec in lorem vitae mi pretium fringilla in non massa. Praesent sed laoreet nisl, vel tempus nisl. Aliquam euismod posuere quam vel mattis. Sed ultricies hendrerit facilisis. Sed vel nulla elementum, rhoncus purus ornare, mattis libero.<br /><br />Sed et lobortis dolor. Quisque ut nulla risus. Nulla auctor magna at tincidunt rhoncus. Pellentesque viverra mi ut mi gravida, lacinia volutpat elit mattis. Pellentesque habitant morbi tristique senectus et netus et malesuada fames ac turpis egestas. Nulla viverra consectetur mi sit amet sagittis. Nunc in diam eros. Pellentesque accumsan nunc at accumsan bibendum. Suspendisse nec ultricies ex, non laoreet velit.<br /><br />Nullam maximus egestas ante id faucibus. Nulla nibh erat, aliquet eu feugiat et, condimentum in lectus. Pellentesque habitant morbi tristique senectus et netus et malesuada fames ac turpis egestas. Duis euismod leo ac velit hendrerit egestas. Duis vitae lorem ullamcorper, lacinia elit porta, venenatis mi. Etiam bibendum, urna at consequat sodales, augue lorem tempor augue, ultrices venenatis quam dolor quis nibh. Curabitur ac massa id nisl tempus vestibulum a at nisi. Integer id imperdiet quam. Morbi eget nunc lobortis, dignissim sapien at, accumsan arcu. Nulla lobortis lacinia convallis. Praesent semper sapien vel sagittis dignissim.<br /><br />Etiam augue urna, cursus ut mauris ut, semper condimentum urna. Morbi porttitor dolor non quam dictum mollis. Sed ac velit a felis bibendum sagittis. Class aptent taciti sociosqu ad litora torquent per conubia nostra, per inceptos himenaeos. Sed id vestibulum urna, quis volutpat felis. Mauris consequat iaculis blandit. Maecenas tempor, libero vel pharetra tempus, ipsum diam maximus elit, nec rhoncus nisl ligula vitae massa. Fusce ornare turpis felis, vel malesuada lectus rhoncus lobortis. Phasellus eget arcu nisl.<br /><br />Fusce turpis augue, iaculis eget ex a, fermentum fermentum nibh. Donec hendrerit nunc vel felis ultricies ultrices. Aenean venenatis, ante in semper efficitur, lacus mi pulvinar dui, finibus eleifend turpis orci sed neque. Vivamus et est a lorem efficitur eleifend vitae eget arcu. Donec lobortis augue nec ipsum efficitur, ut consectetur ante bibendum. Nam ut augue at nunc condimentum tempus eget scelerisque felis. Maecenas metus quam, molestie quis suscipit a, tincidunt sit amet dolor. Integer porta lobortis sem, vitae pellentesque ante congue venenatis. Proin aliquet sem nec ipsum eleifend, at iaculis risus accumsan.', '2021-01-28 19:32:46', 'Lorem ipsum sed ut perspiciatis unde omnis iste natus error sit voluptatem accusantium doloremque laudantium, totam rem aperiam, eaque ipsa quae ab illo inventore veritatis et quasi architecto beatae vitae dicta sunt explicabo nemo enim ipsam voluptatem quia voluptas sit aspernatur.', 'https://1.bp.blogspot.com/-UX0BLPvu36E/XdmtctOseVI/AAAAAAAAA_c/7nb7CRzeh8M4z_fTAd9rXh_mlYhLOt0RACLcBGAsYHQ/s1600/ob_12c12b_img-1120-6.jpg', NULL, 'gogo', 1);
INSERT INTO `cv_chapters` (`id`, `title`, `content`, `date`, `chapi`, `zerolink`, `refreshdate`, `author`, `userid`) VALUES
(180, 'Lorem ipsum 10', 'Lorem ipsum dolor sit amet, consectetur adipiscing elit. Duis vehicula eros a imperdiet imperdiet. Pellentesque egestas varius imperdiet. Phasellus sed laoreet dui, id ultricies purus. Cras id scelerisque ipsum. Vivamus suscipit dignissim accumsan. Donec arcu nulla, iaculis ut sodales nec, convallis id urna. Phasellus maximus dignissim enim, quis molestie tortor vestibulum sit amet. Pellentesque habitant morbi tristique senectus et netus et malesuada fames ac turpis egestas. Maecenas sed leo leo. Suspendisse imperdiet dapibus arcu, ac bibendum turpis consectetur sit amet.<br /><br />Vivamus et orci sodales, venenatis augue quis, consectetur massa. Quisque sit amet neque id lacus ultricies pulvinar ut bibendum urna. Suspendisse vitae erat et dolor pellentesque maximus. Fusce ac lectus at tellus lobortis iaculis et a nisl. Sed placerat nunc sapien, sit amet scelerisque tellus pharetra id. Morbi nec eros est. In sem nibh, hendrerit sed lectus eget, aliquet vulputate eros. Ut fermentum, ex quis vehicula mattis, dui orci placerat sem, ac egestas neque nunc id neque. Integer vulputate neque et erat tincidunt pulvinar.<br /><br />Pellentesque habitant morbi tristique senectus et netus et malesuada fames ac turpis egestas. Aliquam a turpis sed tortor pellentesque lacinia sollicitudin at magna. Vivamus elementum sollicitudin metus ut rutrum. Ut ut mauris ac nulla aliquet luctus ut eget dui. Sed dignissim faucibus nulla eu tincidunt. Nunc hendrerit velit mauris, quis interdum risus semper ut. Quisque dignissim, lorem et eleifend cursus, erat ipsum iaculis libero, nec tincidunt nibh sapien vitae lectus. Suspendisse porttitor auctor enim pharetra tempus. Ut dignissim nisi eu rhoncus dapibus. Curabitur tempus eros sit amet lectus scelerisque pretium. Donec in lorem vitae mi pretium fringilla in non massa. Praesent sed laoreet nisl, vel tempus nisl. Aliquam euismod posuere quam vel mattis. Sed ultricies hendrerit facilisis. Sed vel nulla elementum, rhoncus purus ornare, mattis libero.<br /><br />Sed et lobortis dolor. Quisque ut nulla risus. Nulla auctor magna at tincidunt rhoncus. Pellentesque viverra mi ut mi gravida, lacinia volutpat elit mattis. Pellentesque habitant morbi tristique senectus et netus et malesuada fames ac turpis egestas. Nulla viverra consectetur mi sit amet sagittis. Nunc in diam eros. Pellentesque accumsan nunc at accumsan bibendum. Suspendisse nec ultricies ex, non laoreet velit.<br /><br />Nullam maximus egestas ante id faucibus. Nulla nibh erat, aliquet eu feugiat et, condimentum in lectus. Pellentesque habitant morbi tristique senectus et netus et malesuada fames ac turpis egestas. Duis euismod leo ac velit hendrerit egestas. Duis vitae lorem ullamcorper, lacinia elit porta, venenatis mi. Etiam bibendum, urna at consequat sodales, augue lorem tempor augue, ultrices venenatis quam dolor quis nibh. Curabitur ac massa id nisl tempus vestibulum a at nisi. Integer id imperdiet quam. Morbi eget nunc lobortis, dignissim sapien at, accumsan arcu. Nulla lobortis lacinia convallis. Praesent semper sapien vel sagittis dignissim.<br /><br />Etiam augue urna, cursus ut mauris ut, semper condimentum urna. Morbi porttitor dolor non quam dictum mollis. Sed ac velit a felis bibendum sagittis. Class aptent taciti sociosqu ad litora torquent per conubia nostra, per inceptos himenaeos. Sed id vestibulum urna, quis volutpat felis. Mauris consequat iaculis blandit. Maecenas tempor, libero vel pharetra tempus, ipsum diam maximus elit, nec rhoncus nisl ligula vitae massa. Fusce ornare turpis felis, vel malesuada lectus rhoncus lobortis. Phasellus eget arcu nisl.<br /><br />Fusce turpis augue, iaculis eget ex a, fermentum fermentum nibh. Donec hendrerit nunc vel felis ultricies ultrices. Aenean venenatis, ante in semper efficitur, lacus mi pulvinar dui, finibus eleifend turpis orci sed neque. Vivamus et est a lorem efficitur eleifend vitae eget arcu. Donec lobortis augue nec ipsum efficitur, ut consectetur ante bibendum. Nam ut augue at nunc condimentum tempus eget scelerisque felis. Maecenas metus quam, molestie quis suscipit a, tincidunt sit amet dolor. Integer porta lobortis sem, vitae pellentesque ante congue venenatis. Proin aliquet sem nec ipsum eleifend, at iaculis risus accumsan.', '2021-01-28 19:34:16', 'Lorem ipsum sed ut perspiciatis unde omnis iste natus error sit voluptatem accusantium doloremque laudantium, totam rem aperiam, eaque ipsa quae ab illo inventore veritatis et quasi architecto beatae vitae dicta sunt explicabo nemo enim ipsam voluptatem quia voluptas sit aspernatur.', 'https://1.bp.blogspot.com/-ZcajAb5dvow/XdmtfktiffI/AAAAAAAAA_g/XExallOiT9UYNpPtWZK6GfpdgTcfOcvegCLcBGAsYHQ/s1600/photo-paysage-urbain-pont-nuit.jpg', NULL, 'gogo', 1),
(181, 'Lorem ipsum 11', 'Lorem ipsum dolor sit amet, consectetur adipiscing elit. Duis vehicula eros a imperdiet imperdiet. Pellentesque egestas varius imperdiet. Phasellus sed laoreet dui, id ultricies purus. Cras id scelerisque ipsum. Vivamus suscipit dignissim accumsan. Donec arcu nulla, iaculis ut sodales nec, convallis id urna. Phasellus maximus dignissim enim, quis molestie tortor vestibulum sit amet. Pellentesque habitant morbi tristique senectus et netus et malesuada fames ac turpis egestas. Maecenas sed leo leo. Suspendisse imperdiet dapibus arcu, ac bibendum turpis consectetur sit amet.<br /><br />Vivamus et orci sodales, venenatis augue quis, consectetur massa. Quisque sit amet neque id lacus ultricies pulvinar ut bibendum urna. Suspendisse vitae erat et dolor pellentesque maximus. Fusce ac lectus at tellus lobortis iaculis et a nisl. Sed placerat nunc sapien, sit amet scelerisque tellus pharetra id. Morbi nec eros est. In sem nibh, hendrerit sed lectus eget, aliquet vulputate eros. Ut fermentum, ex quis vehicula mattis, dui orci placerat sem, ac egestas neque nunc id neque. Integer vulputate neque et erat tincidunt pulvinar.<br /><br />Pellentesque habitant morbi tristique senectus et netus et malesuada fames ac turpis egestas. Aliquam a turpis sed tortor pellentesque lacinia sollicitudin at magna. Vivamus elementum sollicitudin metus ut rutrum. Ut ut mauris ac nulla aliquet luctus ut eget dui. Sed dignissim faucibus nulla eu tincidunt. Nunc hendrerit velit mauris, quis interdum risus semper ut. Quisque dignissim, lorem et eleifend cursus, erat ipsum iaculis libero, nec tincidunt nibh sapien vitae lectus. Suspendisse porttitor auctor enim pharetra tempus. Ut dignissim nisi eu rhoncus dapibus. Curabitur tempus eros sit amet lectus scelerisque pretium. Donec in lorem vitae mi pretium fringilla in non massa. Praesent sed laoreet nisl, vel tempus nisl. Aliquam euismod posuere quam vel mattis. Sed ultricies hendrerit facilisis. Sed vel nulla elementum, rhoncus purus ornare, mattis libero.<br /><br />Sed et lobortis dolor. Quisque ut nulla risus. Nulla auctor magna at tincidunt rhoncus. Pellentesque viverra mi ut mi gravida, lacinia volutpat elit mattis. Pellentesque habitant morbi tristique senectus et netus et malesuada fames ac turpis egestas. Nulla viverra consectetur mi sit amet sagittis. Nunc in diam eros. Pellentesque accumsan nunc at accumsan bibendum. Suspendisse nec ultricies ex, non laoreet velit.<br /><br />Nullam maximus egestas ante id faucibus. Nulla nibh erat, aliquet eu feugiat et, condimentum in lectus. Pellentesque habitant morbi tristique senectus et netus et malesuada fames ac turpis egestas. Duis euismod leo ac velit hendrerit egestas. Duis vitae lorem ullamcorper, lacinia elit porta, venenatis mi. Etiam bibendum, urna at consequat sodales, augue lorem tempor augue, ultrices venenatis quam dolor quis nibh. Curabitur ac massa id nisl tempus vestibulum a at nisi. Integer id imperdiet quam. Morbi eget nunc lobortis, dignissim sapien at, accumsan arcu. Nulla lobortis lacinia convallis. Praesent semper sapien vel sagittis dignissim.<br /><br />Etiam augue urna, cursus ut mauris ut, semper condimentum urna. Morbi porttitor dolor non quam dictum mollis. Sed ac velit a felis bibendum sagittis. Class aptent taciti sociosqu ad litora torquent per conubia nostra, per inceptos himenaeos. Sed id vestibulum urna, quis volutpat felis. Mauris consequat iaculis blandit. Maecenas tempor, libero vel pharetra tempus, ipsum diam maximus elit, nec rhoncus nisl ligula vitae massa. Fusce ornare turpis felis, vel malesuada lectus rhoncus lobortis. Phasellus eget arcu nisl.<br /><br />Fusce turpis augue, iaculis eget ex a, fermentum fermentum nibh. Donec hendrerit nunc vel felis ultricies ultrices. Aenean venenatis, ante in semper efficitur, lacus mi pulvinar dui, finibus eleifend turpis orci sed neque. Vivamus et est a lorem efficitur eleifend vitae eget arcu. Donec lobortis augue nec ipsum efficitur, ut consectetur ante bibendum. Nam ut augue at nunc condimentum tempus eget scelerisque felis. Maecenas metus quam, molestie quis suscipit a, tincidunt sit amet dolor. Integer porta lobortis sem, vitae pellentesque ante congue venenatis. Proin aliquet sem nec ipsum eleifend, at iaculis risus accumsan.', '2021-01-28 19:36:11', 'Lorem ipsum sed ut perspiciatis unde omnis iste natus error sit voluptatem accusantium doloremque laudantium, totam rem aperiam, eaque ipsa quae ab illo inventore veritatis et quasi architecto beatae vitae dicta sunt explicabo nemo enim ipsam voluptatem quia voluptas sit aspernatur.', 'https://2.bp.blogspot.com/-pRn295Auk6w/XcSeE7EGwkI/AAAAAAAAA9U/AioULsIaDnsGDAbvT6Bcg-FivbFhnlTcQCLcBGAsYHQ/s1600/VZlEy1.jpg', '2021-01-28 19:39:58', 'Gogo', 1),
(182, 'Lorem ipsum 12', 'Lorem ipsum dolor sit amet, consectetur adipiscing elit. Duis vehicula eros a imperdiet imperdiet. Pellentesque egestas varius imperdiet. Phasellus sed laoreet dui, id ultricies purus. Cras id scelerisque ipsum. Vivamus suscipit dignissim accumsan. Donec arcu nulla, iaculis ut sodales nec, convallis id urna. Phasellus maximus dignissim enim, quis molestie tortor vestibulum sit amet. Pellentesque habitant morbi tristique senectus et netus et malesuada fames ac turpis egestas. Maecenas sed leo leo. Suspendisse imperdiet dapibus arcu, ac bibendum turpis consectetur sit amet.<br /><br />Vivamus et orci sodales, venenatis augue quis, consectetur massa. Quisque sit amet neque id lacus ultricies pulvinar ut bibendum urna. Suspendisse vitae erat et dolor pellentesque maximus. Fusce ac lectus at tellus lobortis iaculis et a nisl. Sed placerat nunc sapien, sit amet scelerisque tellus pharetra id. Morbi nec eros est. In sem nibh, hendrerit sed lectus eget, aliquet vulputate eros. Ut fermentum, ex quis vehicula mattis, dui orci placerat sem, ac egestas neque nunc id neque. Integer vulputate neque et erat tincidunt pulvinar.<br /><br />Pellentesque habitant morbi tristique senectus et netus et malesuada fames ac turpis egestas. Aliquam a turpis sed tortor pellentesque lacinia sollicitudin at magna. Vivamus elementum sollicitudin metus ut rutrum. Ut ut mauris ac nulla aliquet luctus ut eget dui. Sed dignissim faucibus nulla eu tincidunt. Nunc hendrerit velit mauris, quis interdum risus semper ut. Quisque dignissim, lorem et eleifend cursus, erat ipsum iaculis libero, nec tincidunt nibh sapien vitae lectus. Suspendisse porttitor auctor enim pharetra tempus. Ut dignissim nisi eu rhoncus dapibus. Curabitur tempus eros sit amet lectus scelerisque pretium. Donec in lorem vitae mi pretium fringilla in non massa. Praesent sed laoreet nisl, vel tempus nisl. Aliquam euismod posuere quam vel mattis. Sed ultricies hendrerit facilisis. Sed vel nulla elementum, rhoncus purus ornare, mattis libero.<br /><br />Sed et lobortis dolor. Quisque ut nulla risus. Nulla auctor magna at tincidunt rhoncus. Pellentesque viverra mi ut mi gravida, lacinia volutpat elit mattis. Pellentesque habitant morbi tristique senectus et netus et malesuada fames ac turpis egestas. Nulla viverra consectetur mi sit amet sagittis. Nunc in diam eros. Pellentesque accumsan nunc at accumsan bibendum. Suspendisse nec ultricies ex, non laoreet velit.<br /><br />Nullam maximus egestas ante id faucibus. Nulla nibh erat, aliquet eu feugiat et, condimentum in lectus. Pellentesque habitant morbi tristique senectus et netus et malesuada fames ac turpis egestas. Duis euismod leo ac velit hendrerit egestas. Duis vitae lorem ullamcorper, lacinia elit porta, venenatis mi. Etiam bibendum, urna at consequat sodales, augue lorem tempor augue, ultrices venenatis quam dolor quis nibh. Curabitur ac massa id nisl tempus vestibulum a at nisi. Integer id imperdiet quam. Morbi eget nunc lobortis, dignissim sapien at, accumsan arcu. Nulla lobortis lacinia convallis. Praesent semper sapien vel sagittis dignissim.<br /><br />Etiam augue urna, cursus ut mauris ut, semper condimentum urna. Morbi porttitor dolor non quam dictum mollis. Sed ac velit a felis bibendum sagittis. Class aptent taciti sociosqu ad litora torquent per conubia nostra, per inceptos himenaeos. Sed id vestibulum urna, quis volutpat felis. Mauris consequat iaculis blandit. Maecenas tempor, libero vel pharetra tempus, ipsum diam maximus elit, nec rhoncus nisl ligula vitae massa. Fusce ornare turpis felis, vel malesuada lectus rhoncus lobortis. Phasellus eget arcu nisl.<br /><br />Fusce turpis augue, iaculis eget ex a, fermentum fermentum nibh. Donec hendrerit nunc vel felis ultricies ultrices. Aenean venenatis, ante in semper efficitur, lacus mi pulvinar dui, finibus eleifend turpis orci sed neque. Vivamus et est a lorem efficitur eleifend vitae eget arcu. Donec lobortis augue nec ipsum efficitur, ut consectetur ante bibendum. Nam ut augue at nunc condimentum tempus eget scelerisque felis. Maecenas metus quam, molestie quis suscipit a, tincidunt sit amet dolor. Integer porta lobortis sem, vitae pellentesque ante congue venenatis. Proin aliquet sem nec ipsum eleifend, at iaculis risus accumsan.', '2021-01-28 19:37:33', 'Lorem ipsum sed ut perspiciatis unde omnis iste natus error sit voluptatem accusantium doloremque laudantium, totam rem aperiam, eaque ipsa quae ab illo inventore veritatis et quasi architecto beatae vitae dicta sunt explicabo nemo enim ipsam voluptatem quia voluptas sit aspernatur.', 'https://1.bp.blogspot.com/-NK--tvTr0nA/Xdmtbz06y7I/AAAAAAAAA_U/h0WYfcyGrtgwgoQpeyJg48YJF8oVsSfCQCLcBGAsYHQ/s1600/azertyuiop.JPG', '2021-01-28 19:39:01', 'Gogo', 1);

-- --------------------------------------------------------

--
-- Structure de la table `cv_comments`
--

CREATE TABLE `cv_comments` (
  `id` int(11) NOT NULL,
  `chapter_id` int(11) NOT NULL,
  `pseudo` varchar(100) NOT NULL,
  `comment` text NOT NULL,
  `alarm` int(11) NOT NULL,
  `date` datetime NOT NULL,
  `email` varchar(100) NOT NULL
) ENGINE=InnoDB DEFAULT CHARSET=utf8;

--
-- Déchargement des données de la table `cv_comments`
--

INSERT INTO `cv_comments` (`id`, `chapter_id`, `pseudo`, `comment`, `alarm`, `date`, `email`) VALUES
(144, 158, 'Nicolas', 'Lorem ipsum sed ut perspiciatis unde omnis iste natus error !', 1, '2021-01-21 19:27:08', 'nicolas@gmail.com'),
(145, 158, 'Marion', 'Lorem ipsum sed ut perspiciatis...', 1, '2021-01-21 19:36:48', 'marion@gmail.com'),
(155, 158, 'Vincent', 'Lorem ipsum sed ut !', 1, '2021-01-26 01:19:36', 'vincent@gmail.com'),
(175, 182, 'Paolo', 'Lorem ipsum sed ut perspiciatis unde omnis iste natus error !', 1, '2021-01-28 22:27:11', 'paolo@gmail.com'),
(176, 182, 'Pierre', 'Lorem ipsum sed ut perspiciatis unde omnis iste !', 1, '2021-01-28 22:27:40', 'pierre@gmail.com'),
(177, 182, 'Olivier', 'Lorem ipsum sed ut...', 1, '2021-01-28 22:28:18', 'olivier@gmail.com'),
(178, 182, 'Marion', 'Lorem ipsum sed ut perspiciatis unde omnis iste natus error !', 0, '2021-01-28 22:31:45', 'marion@gmail.com'),
(179, 182, 'Victor', 'Lorem ipsum sed ut perspiciatis unde..', 0, '2021-01-28 22:32:16', 'victor@gmail.com'),
(180, 182, 'Charles', 'Lorem ipsum !', 0, '2021-01-28 22:32:43', 'charles@gmail.com'),
(181, 182, 'Laura', 'Lorem ipsum sed ut perspiciatis unde omnis error !', 3, '2021-01-28 22:33:18', 'laura@gmail.com');

-- --------------------------------------------------------

--
-- Structure de la table `cv_managers`
--

CREATE TABLE `cv_managers` (
  `id` int(11) NOT NULL,
  `user` varchar(100) NOT NULL,
  `password` varchar(255) NOT NULL,
  `role` int(11) DEFAULT NULL
) ENGINE=InnoDB DEFAULT CHARSET=utf8;

--
-- Déchargement des données de la table `cv_managers`
--

INSERT INTO `cv_managers` (`id`, `user`, `password`, `role`) VALUES
(1, 'gogo', '8d969eef6ecad3c29a3a629280e686cf0c3f5d5a86aff3ca12020c923adc6c92', 1),
(2, 'marie', '8d969eef6ecad3c29a3a629280e686cf0c3f5d5a86aff3ca12020c923adc6c92', 1),
(3, 'hector', '8d969eef6ecad3c29a3a629280e686cf0c3f5d5a86aff3ca12020c923adc6c92', 1),
(69, 'jean', '8d969eef6ecad3c29a3a629280e686cf0c3f5d5a86aff3ca12020c923adc6c92', 1),
(75, 'paolo', '8d969eef6ecad3c29a3a629280e686cf0c3f5d5a86aff3ca12020c923adc6c92', 1),
(76, 'pierre', '8d969eef6ecad3c29a3a629280e686cf0c3f5d5a86aff3ca12020c923adc6c92', 1),
(77, 'olivier', '8d969eef6ecad3c29a3a629280e686cf0c3f5d5a86aff3ca12020c923adc6c92', 1),
(81, 'Caroline', '8d969eef6ecad3c29a3a629280e686cf0c3f5d5a86aff3ca12020c923adc6c92', NULL);

--
-- Index pour les tables déchargées
--

--
-- Index pour la table `cv_chapters`
--
ALTER TABLE `cv_chapters`
  ADD PRIMARY KEY (`id`),
  ADD KEY `cv_chapters_ibfk_1` (`userid`);

--
-- Index pour la table `cv_comments`
--
ALTER TABLE `cv_comments`
  ADD PRIMARY KEY (`id`),
  ADD KEY `articleId` (`chapter_id`);

--
-- Index pour la table `cv_managers`
--
ALTER TABLE `cv_managers`
  ADD PRIMARY KEY (`id`),
  ADD UNIQUE KEY `user` (`user`);

--
-- AUTO_INCREMENT pour les tables déchargées
--

--
-- AUTO_INCREMENT pour la table `cv_chapters`
--
ALTER TABLE `cv_chapters`
  MODIFY `id` int(11) NOT NULL AUTO_INCREMENT, AUTO_INCREMENT=191;

--
-- AUTO_INCREMENT pour la table `cv_comments`
--
ALTER TABLE `cv_comments`
  MODIFY `id` int(11) NOT NULL AUTO_INCREMENT, AUTO_INCREMENT=199;

--
-- AUTO_INCREMENT pour la table `cv_managers`
--
ALTER TABLE `cv_managers`
  MODIFY `id` int(11) NOT NULL AUTO_INCREMENT, AUTO_INCREMENT=82;

--
-- Contraintes pour les tables déchargées
--

--
-- Contraintes pour la table `cv_chapters`
--
ALTER TABLE `cv_chapters`
  ADD CONSTRAINT `cv_chapters_ibfk_1` FOREIGN KEY (`userid`) REFERENCES `cv_managers` (`id`) ON DELETE CASCADE ON UPDATE CASCADE;

--
-- Contraintes pour la table `cv_comments`
--
ALTER TABLE `cv_comments`
  ADD CONSTRAINT `cv_comments_ibfk_1` FOREIGN KEY (`chapter_id`) REFERENCES `cv_chapters` (`id`) ON DELETE CASCADE ON UPDATE CASCADE;
COMMIT;

/*!40101 SET CHARACTER_SET_CLIENT=@OLD_CHARACTER_SET_CLIENT */;
/*!40101 SET CHARACTER_SET_RESULTS=@OLD_CHARACTER_SET_RESULTS */;
/*!40101 SET COLLATION_CONNECTION=@OLD_COLLATION_CONNECTION */;
